"z",""
801.499333560107,1033.72654906361
1066.07375020979,1025.66982322652
962.597991581618,1017.57350387636
776.064072597161,984.796674317768
694.35487993727,953.509921260657
717.026964818782,949.298318831207
777.275189021031,910.980065439967
479.099845228084,895.881444917332
457.379110244184,893.715678603933
793.04942081142,863.167861883556
706.656492312847,860.969892810286
518.135826532464,856.567665442798
253.419094989775,847.738228815221
617.94292251832,832.207623339032
728.078556999929,829.980851190218
911.386576560178,1031.74565470124
1141.02873667964,1025.70798944584
1132.44198475973,1017.62307922502
811.828884721324,1009.49871222648
473.796157510142,999.288099847027
467.525286847258,997.238659300303
527.909432562651,993.132489844284
741.45369786526,986.955072335205
844.562709675377,970.376162474953
647.841096606707,962.029502002239
745.619019107358,940.998282878151
767.470719783975,932.5207592852
731.820819876777,924.006545149693
863.400487706304,911.167150507155
887.162432021102,909.019377377504
861.064119424927,904.717130601517
588.987088228156,893.922685219392
567.266353244255,891.757184661869
570.300503824554,889.589493526281
837.9658,828.028941450661
1251.16437116125,1023.72803836345
1286.09662769147,1021.71090963664
1296.26403656014,1019.69130400026
741.726739607476,1003.44567871926
668.961647572407,1001.40392858765
596.370002803525,993.212532454383
698.613101202855,989.102248968249
772.200941347035,987.043474176618
928.844355704243,982.918678014103
1055.67631519081,972.564603256839
757.976731088315,960.060950491347
877.192683634992,934.799545254824
877.399518950288,932.679327731504
841.956454358386,922.043835452051
882.980886970835,913.494463578968
971.199753906535,902.75707883267
903.209705553708,878.93987429229
1177.13811657171,868.026849747071
733.276826858789,830.528071922031
837.9658,828.303706333476
1021.52221104179,1029.78998421563
1400.95300970135,1017.71192870384
932.80864124726,1003.50831341502
773.650620713618,999.428021997321
688.620765132961,995.337952355475
956.278305488079,983.009367867437
1100.77592322005,978.880482782187
1182.08602331592,972.669116845955
1059.3873172982,966.436203620751
1019.06673056016,947.60933987894
1041.73881544167,943.399722713393
982.295327406795,928.592867564806
904.789666884802,894.328773649523
846.853593997099,892.16823023102
930.643655337544,879.158825999729
1160.87490983893,872.624718788959
676.867141978489,846.295988756033
616.910391800448,844.088250768411
1449.62762331289,1019.76752064772
1479.82031758076,1013.71106683619
1215.10358603807,1005.60119162646
1244.8021728682,974.840507602866
1275.86030232635,970.697928643552
1070.28140308138,947.74335780209
1135.5130944521,941.433468234958
1054.21790574061,935.102575996593
1076.06960641723,926.628939499993
1014.86034986326,913.849600072967
1195.2855589639,900.988585198483
1169.66300605818,898.837222332439
1024.41793434798,877.201786741746
1254.64918884936,870.668485821075
1369.33049806047,861.927244368326
1146.56468663325,822.174965446845
1083.08158276358,1027.82936400716
1193.21721724519,1025.82586876754
1562.48060703608,1015.77103072954
1018.11071895209,997.516352001716
854.044900673481,989.339299444265
1048.58492069165,981.123265631563
1057.64689505728,949.970203200565
1148.20213027436,945.776044994904
1153.7834982949,926.786571954074
1092.78107705623,911.887638636631
1116.80525982624,909.750094214168
1273.20628615688,899.028490722985
1247.58373325115,896.877431131835
975.506702054379,886.088738321541
984.844096528638,879.589007258598
1393.13795020093,866.530603317519
788.605398003852,840.182494581156
780.01864608394,831.332689918603
1031.14149367957,1027.84718338398
1516.95200232397,1005.7037812524
1185.92046560754,977.089950592458
1263.17548896492,975.02784295047
1380.67005397723,970.896386446328
1091.83210465854,950.095335182222
1157.32854112203,945.906607771385
1248.70889067962,941.708456717077
1247.17371680286,935.393640877208
1213.38498075186,933.28403042634
1211.93748752626,922.701153997014
1233.37551757228,918.45184320701
1174.7524137423,907.788516031633
1237.54083881438,871.113131416922
1451.08510411699,864.574992715022
1505.1983791695,858.017447593437
1072.48983727482,844.844785161721
906.509302097953,840.437018173774
973.833681109033,824.944352418486
1067.60796011946,822.722884020161
1392.31981074235,816.046274846913
1484.55987984311,1017.84812360538
1611.84100903223,1005.74994030867
1007.30845683515,981.287240525959
1298.10774549513,973.054890603196
1381.89780683558,960.633951298209
1306.31323209135,935.534637636284
1248.31723728208,931.318455634481
1246.45607342588,924.976719990517
1268.3077741025,916.488678339147
1211.21984414928,912.230863187681
1187.012585391,910.09852465112
1293.69435989929,890.80548247654
1169.36408353448,886.493441449432
1425.44932648861,864.800833107192
1486.01736064721,862.619571198952
1508.98982365128,853.872995558824
1107.42209380503,842.891788204263
842.705362262344,834.068908715619
1008.76593763925,822.993573095456
1102.54021664968,820.772338007097
1207.22918979089,818.549061936439
1301.3953178625,995.657185132653
1048.39244623197,989.546342698437
963.362590651316,985.460188019054
1375.51774873841,969.018106582893
1425.76971937612,966.951943112977
1334.12914281655,956.585054276111
1209.79886645174,952.421541502949
1137.40752974788,948.248503428007
1256.62348229456,923.012221524319
1278.47518297118,914.525566432718
1197.17999425968,908.136431426248
1179.53149240316,884.534919202249
1056.83278638543,878.051135770578
1205.3854808559,869.37521610764
1435.61673535729,862.845319405333
1496.18476951588,860.664345288988
1556.56891523128,856.295919456487
1550.29804456839,854.108479594706
1212.26531735721,843.139250773573
1028.66872541798,838.736725567416
951.608967496845,836.532308900627
837.9658,829.90651738018
1061.33418794744,1021.89649252921
1615.6881986898,1009.86301570994
1660.78786408869,1005.83193478961
1286.48834673148,993.679252886905
948.455619520296,983.484286698228
1236.34197845829,937.90662344678
1277.36641107074,929.495899298858
1243.57767501973,927.38736071954
1222.49779049962,923.16328716996
1261.34890245805,914.687288286015
1361.34613434081,891.189127333643
1228.70004192401,884.733035892258
1063.64655023831,878.256858998541
1041.92581525441,876.093695636046
1044.95996583471,873.928322704771
926.10564818393,821.311637323938
1202.48962752855,814.649395374759
1611.84100903223,1005.86775092139
1508.36525040406,997.787420801601
1342.3847152272,993.732408634293
1254.58873704501,967.135570473073
1372.08330205732,963.007237964022
1403.14143151548,958.869253643336
1262.79422364123,929.635856553684
1181.49903492973,923.311348311898
1203.35073560635,914.846061631224
1201.48957175015,908.472808111606
1143.49357694088,904.212480385545
1142.14147905238,902.078883985477
1003.14636906663,874.136417146239
1484.17341643781,854.571959710517
1502.88249791247,852.387253009639
1496.61162724959,850.200392144529
1465.47081520115,848.011383064725
1338.81667963386,843.626944219138
1158.57890003841,839.233984705456
897.922550178042,832.628675920606
794.446791549873,823.792234150049
887.326201996148,819.361541736178
1273.84581582237,810.47546826773
1383.73305882244,808.24884399271
1182.6208690633,1013.92901284472
1551.88425885419,1003.88664599054
1508.36525040406,997.831381138999
1371.34874230488,993.782150836157
880.860235202909,981.575274480606
849.719423154472,979.532197954082
843.448552491588,977.486674085086
903.83269820698,973.388298276563
1037.98857250976,969.28017544747
1343.18468133743,956.897620117427
1321.46394635353,954.825415417554
1096.15569895489,946.512612193219
1047.05054687539,938.161632486073
1204.18957135168,929.772750258005
1123.7615941338,919.233782292408
1007.95225201861,876.502129315644
974.247748346745,867.847628225923
1091.74231335905,863.507138132941
1168.99733671643,861.333603009963
1321.97356786044,856.979981297567
1424.21666625977,852.617662938701
915.025557921137,832.880877330547
837.9658,830.677278903181
769.422297902047,819.62788174339
1439.89224440284,1003.91843796474
1484.99190980173,999.88989697262
1470.08493867071,997.871900370376
887.340974444439,969.360936970674
1040.31720558845,965.248772051709
1019.09594103376,944.542938989464
946.22884463945,938.284446792327
1060.54602417133,932.004580756706
1125.77771554205,925.703458763588
1044.48252683055,919.38120217077
1064.47306365097,904.547787154083
866.129860967449,870.222371617744
897.187990425608,865.891345788799
926.886577255728,833.130686076766
700.949291900822,826.520752128955
647.262874582019,822.103627879128
657.430283450695,819.89193397872
922.004700100374,811.024427131264
1026.69367324158,808.802399455189
906.504699404824,1011.96223500433
1215.10358603807,1005.95437026766
1385.90372367732,999.924052495866
677.468017314723,973.535091266363
696.177098789382,971.487956647016
951.396428332724,963.275027485623
1155.48341117667,950.882862978531
881.07001169852,934.225438497039
1014.18485340481,927.939647730939
1038.20903617482,925.839660242816
1012.64967952805,921.632626185433
976.999779620849,913.190449638385
996.632170915357,906.834369522191
941.763550344242,900.457478096687
916.204193697472,896.194720865371
1031.60872602508,889.783441112848
1096.62940279812,883.351711859957
841.971716841745,872.587105244382
777.20908371172,868.265617824166
858.519183807591,861.766761836552
1276.94521255757,846.525972367943
1270.67434189468,844.340024939387
749.045022744271,828.978377646305
671.985264823135,826.775355454474
612.028514645093,824.57022632776
603.441762725182,815.728764828278
739.309643834214,811.295554974865
937.772895985856,806.854093394307
1187.75215036565,989.869089912296
582.792202631223,971.559202194007
643.176348346616,967.463335112248
1051.47020201891,955.11728401648
835.499349094528,940.60359170937
762.632252700222,934.347499295919
943.533221491317,923.873176828178
884.185128793544,917.560274208293
882.737635567941,906.991980892231
901.956356231858,904.871346019737
1002.42934780507,883.538530300881
1001.95358811462,881.392713016458
929.562251410762,877.094308136119
831.08596349869,857.640842798939
1182.26939787407,844.572696376425
1090.96867163053,838.009336090435
577.309450139635,824.824841650738
473.833691511467,815.992910277273
953.232715783965,802.682607148561
932.80864124726,1003.99293828441
1207.55046676562,993.946791473237
1016.84754134763,985.865125382469
739.406098311522,979.777892506633
507.656433008998,967.536973847587
741.654497997644,938.633932402446
692.549345918137,930.28933968373
783.104581135215,926.102775055098
848.336272505935,919.805189647873
788.892784471057,905.028671269647
787.031620614862,898.660970977135
727.683527917089,892.272514024281
843.088060244698,885.863434495536
775.462644600934,872.983959980461
711.387123949064,870.829493713143
591.722568511635,862.189290752993
814.496135759181,853.513611544481
649.445134219617,827.277359906308
631.591105125867,1006.00958868488
746.858020909832,979.830840651734
493.855149279306,973.730119454721
676.482834053768,957.353578519266
582.394473104765,930.410656858906
696.711652636641,924.135592905915
761.943344007362,917.839215935682
680.648155295866,911.521644798365
723.93788601851,898.823412832554
642.642697307014,892.443006923858
756.695131746125,883.903646587641
749.324471815305,873.178228401487
650.848183903233,853.731056871253
1002.03161827861,840.666909358141
751.572871501427,829.720443045543
882.882179188579,796.563341929731
448.938770090727,1006.02098707852
1038.2250373633,991.997560428884
1033.48547510095,987.968426952858
994.70602891317,985.950133381779
390.17347671609,961.537955629326
524.329351018865,957.434900066425
748.215359750672,951.262052965003
826.491309266244,947.134687688607
582.496477464002,934.694679400235
510.105140760146,930.528809924291
533.391325384495,926.353394323253
610.102372642906,907.446803802636
648.953484601332,898.98288196922
651.172793983441,896.86109066171
592.549690153457,886.217509683566
725.664531859743,879.803839574195
494.293030527719,864.759231371813
578.083091868164,851.77650679041
655.338115225539,849.604969855719
837.9658,832.153984400155
810.11708715351,794.617079252199
395.049726558508,1004.03598492198
880.860235202909,981.949304576194
803.800477281772,979.92649881358
282.171158131362,965.697704197612
294.609368943137,961.610198697854
336.28443318387,959.562772798593
396.852467342466,957.512902614281
470.440307486646,955.460591567422
744.578286856164,947.227008913688
772.602265734025,945.162546597292
652.937710296596,936.880542092944
521.236774000962,922.294637225671
570.057517069353,920.201401652958
612.617123558561,918.105794955764
597.283750451221,894.898891001454
515.988561739725,888.520826019853
440.4039869955,862.802754612683
397.362088849376,860.644896102981
406.699483323634,854.157934774811
680.837462693152,845.477625244794
711.311664432711,828.011982504121
363.908914510071,1002.05088562447
473.796157510142,1000.05594610273
688.620765132961,996.058555334357
909.676173332513,981.989067798489
589.063073294107,973.894699290002
518.687886438042,951.431967632029
741.461453685588,943.190420142353
744.495604265886,941.123973024464
722.774869281986,939.055109201956
424.59952548904,924.505718164693
490.095961952525,920.327222280573
538.916705020916,918.23440702751
544.291237726166,901.406838115376
640.634676279086,875.885823048684
366.221276800938,858.689000740082
723.284490788896,841.349045968695
179.319972750411,812.873735057357
140.540526562629,810.668351412299
135.800964300285,806.25126324353
170.733220830499,804.039571121006
400.375380949963,797.391977660264
505.064354091174,795.171961837582
725.087231572854,790.725741357064
677.468017314723,973.942748850097
402.554423035766,967.854781149644
238.488604757156,959.702992406134
433.028624775325,951.511961663987
589.672039132533,947.401796820216
707.166604144843,943.28190259339
738.224733603002,939.152307659013
615.526027585275,932.939791055316
418.804414516606,924.622764327161
573.67026697048,907.87423169137
557.652758357791,893.095474024761
502.784137786676,886.726757861701
543.808570399125,878.20281446474
634.363805616202,873.927078984279
585.258653536695,865.348282235426
460.928377171881,861.045303577036
222.409504083675,799.879163973407
785.09787604511,973.987379252748
696.177098789382,971.963458275646
421.263504510425,965.876858715007
275.906767706474,955.683249435427
378.149866105804,951.588631683934
692.171181947637,933.042293405405
551.354915832691,914.300655986771
576.36183983245,891.133271929158
555.281955312338,886.890599562866
521.493219261335,884.765785705427
653.072887090861,871.968520072785
378.659487612713,854.777882995764
359.972903209112,850.457711481659
328.774691661364,813.380666838579
241.118585558334,797.932920430628
1002.5688945728,978.063101967669
963.789448385022,976.047084180396
298.872750472549,955.750776834306
419.824930346538,949.61388872886
572.801161490551,945.510402157563
717.298779222524,941.397164740627
795.574728738096,937.274204302127
551.579896935854,924.847274800409
478.712800541549,918.601345070495
593.029980073424,912.333914059774
600.26567663487,901.840718830839
579.185792114758,897.626923910309
598.611348093971,893.403743871772
620.256213455293,887.051456405433
521.312522887274,857.13310473556
463.376449999571,854.979013237169
398.613816869547,850.664091779182
479.923916965418,844.174944075995
898.349945715393,828.956129973666
459.370533157826,813.630432922681
293.389997980961,809.232310949568
179.746830484117,802.619181795647
454.488656002472,791.555185894871
1032.94423446353,982.113631565763
798.420197188711,968.004804761211
480.392964505133,947.639165715019
633.369195649147,943.536592989113
859.176913476991,933.237546526081
672.402686807394,924.954711236239
565.379147296319,920.798842386442
639.753826273354,895.663316595188
680.824247613888,885.089973492674
622.201143783905,874.458511112006
581.88055704587,855.177348405685
684.989568855987,837.8850850837
867.617253630448,820.451277713639
708.459233096806,816.071048789876
614.614381999922,813.87769978718
519.938567316422,811.682202324905
240.314864642713,800.672698170814
729.881297783887,785.170858368116
1048.58492069165,982.136119889228
1037.98857250976,970.068033519747
960.92881458862,968.047985215527
683.487371552508,961.972977694299
901.706624163012,935.392056392382
929.730603040872,933.330272463995
911.04401863727,929.199431528348
810.066047603444,925.05891734254
678.36511130781,910.491376592003
792.417545746921,902.114545629694
787.169333485684,868.231409699201
828.903825634371,866.094021859175
563.827820630482,842.432890060474
758.577409000167,835.932719880067
1032.50582001817,825.05490128443
995.094137306847,820.688434594993
427.545872283737,805.337624188862
328.809675917913,800.932394538003
324.070113655569,796.51868271999
693.333503446459,785.447617094182
1185.92046560754,978.148340433266
676.482834053768,957.965093663821
692.257065844158,912.697735355594
806.574245376033,906.434309618776
792.730057417367,891.736527156093
831.581169375793,883.285985458436
776.712548804678,876.923571292122
752.505290046406,874.798123117706
908.292216634204,864.136271148272
932.054160949002,861.997012681051
931.578401258553,859.855469764341
693.468182268027,838.31552498822
837.9658,833.9806430389
496.337915101677,790.151880026089
772.721894446292,783.503995715253
1298.10774549513,974.158998903618
1308.27515436381,972.149842705335
1293.36818323279,970.138196735412
1028.6514516901,962.066764853279
627.083721843854,951.921764503904
589.672039132533,947.846503892486
608.381120607192,945.805186715913
710.624219006521,941.715194021347
1058.35003852022,931.44743832958
1086.37401739808,929.38658108748
1067.68743299448,925.257588075253
1024.64553484835,923.189459421931
902.633941308782,919.045955980239
769.987848891982,912.812641414074
793.27403351633,908.645103392368
926.388875222616,902.375882766501
889.61747206925,883.4402866147
828.408215515282,870.711123257021
852.432398285293,868.58148117074
812.111811547258,849.311531272865
692.447256109829,840.688111974351
1170.44015290072,823.33412618271
1189.14923437538,821.154939795341
1097.84850813184,814.604264869929
844.84563650131,808.034037379035
515.645784542992,790.419051217856
849.976917803666,781.560804343662
996.086950078841,982.182742281472
1360.61077760739,968.156949332962
1321.8313314196,966.143295748576
1261.87458124156,964.127157094967
1095.8940460647,960.087434712061
694.326316218453,949.944822989706
656.914633507131,945.870514515748
675.62371498179,943.829672569738
717.298779222524,941.786376198626
836.754683576131,908.76251740475
951.071863108007,902.501830283129
1017.65565236723,898.316117536254
958.307559669452,892.019748496865
935.008365767231,889.916229003026
897.002907778379,870.87898630233
919.674992659892,866.622882503577
787.713829362288,836.573946193317
1061.85180873181,827.907411521877
1256.39182874998,819.205450134883
1218.98014603865,814.841296125624
547.956122387376,790.683806970016
582.88837891759,788.474860751398
1046.33892071655,980.198118648246
1244.8021728682,976.204200284285
1410.8627482451,966.175709987892
1312.12655187927,962.146883707219
1235.06679395814,960.128745146782
1146.14601670241,958.108126341179
744.578286856164,947.967921289792
713.437474807727,945.932477352663
707.166604144843,943.894572446241
901.706624163012,935.718403205269
1175.84460353253,927.503104965578
887.006654213843,906.795087000218
952.503090677328,902.624611387508
1008.55953030716,890.056000391091
1126.32798962824,853.986118508392
1100.70543672251,851.843568696303
809.941821122139,836.782180310216
955.46036501231,830.293546509769
1112.10377936952,825.956646203249
1287.93471791303,819.43468855454
1306.64379938769,817.256296320981
1056.1850526105,806.331542213904
641.727101475214,795.352663594053
598.208093025087,788.739663929622
967.471482815977,777.675735779508
1187.49436029766,773.235517167004
1453.79369825398,966.2046832296
1438.88672712296,964.194486963645
826.491309266244,948.023563232377
741.461453685588,943.956107184824
929.730603040872,933.744444297868
1071.90741911279,896.479150362346
1095.9316018828,894.386028666804
1036.58350918502,888.092417552303
1034.92918064413,879.667852197176
1035.13601595942,877.55583172184
997.950942175464,862.706343037596
1154.82772819655,854.169987228644
1128.72941560037,849.888043086987
837.9658,834.829649465067
916.241749515572,830.506967555987
1213.71559839156,821.834834856673
895.688365707981,800.000415806585
669.751080353074,793.407796221551
995.495461693837,775.733870637441
1182.08602331592,974.234129882913
1441.92087770326,962.213288532764
744.495604265886,941.97979641764
932.764753621171,931.770563682519
1156.65076235298,925.615638005269
918.540543362451,904.941321974382
1074.94156969309,894.513871277511
1016.3184658631,884.026866143887
1057.38888720364,873.480824093505
976.960909985752,862.876291286597
1131.76356618067,847.932778915019
902.728433130024,839.343300122995
869.023929458159,830.717622374078
1173.63611056724,804.626799103384
809.801739032551,795.859778351212
629.266222483246,784.852637778658
664.198479013461,782.644820781263
722.145632929521,780.434888313857
893.840639132925,776.008701540905
1435.10711385038,962.241336433959
1155.48341117667,952.170413152973
753.915681330423,942.037534701692
911.04401863727,929.796769136266
1216.24012746495,917.467903864772
922.442361284277,905.051642375564
961.840485151587,896.7259582731
1042.05278284394,822.274598477574
1065.52244708476,800.49223844843
923.920847250161,946.146530147706
837.527918751587,944.120447269784
733.846246188371,931.912159615696
1142.14009986066,919.615536825889
926.169246936283,905.158734663009
853.302150541977,898.926727223225
877.064094856776,896.844586681147
967.619330073853,892.673121237221
1008.6437626863,884.301562374783
974.855026635299,882.202731858874
953.775142115187,877.997970642468
973.2006980944,873.783770617402
936.222459625738,856.833280689538
1067.00093305065,844.023061543173
895.901872887703,837.587025434942
921.755861340445,822.490366058376
999.01088469782,820.324720485969
1272.93929571582,809.463166105458
1108.87347743721,800.734262124055
833.959883158255,794.164685929361
745.039105902527,791.97049637651
608.022597803349,787.575656164174
569.243151615566,785.375017337123
599.435845883437,778.760297699866
933.766979144111,769.911023840275
1153.78985662579,765.473791413805
1334.12914281655,958.278141568545
1319.22217168553,956.269923662622
1054.50544014284,948.212195745156
1115.26215643112,913.526515508851
821.46439025045,901.116117217209
909.68325718615,890.707864256974
976.267046445369,886.527811256035
915.264625206697,871.822825418819
879.821560614795,861.248612085586
969.666736295634,850.616146282484
1009.06486016294,842.068621665265
718.301244562571,827.022577898231
746.325223440432,824.8640938607
1020.46320280995,816.207743033983
776.023810270553,792.220248838772
511.307078727863,783.432218176426
599.446926911794,774.609949334397
1216.36720484588,952.278703241106
1156.41045466784,950.266014359726
715.516325212015,940.165367461236
796.78699346589,890.828741681923
888.167343023489,886.654439767343
886.632169146729,880.375099283588
829.544239193505,876.176993716462
791.538781204653,857.168884860916
732.501673426274,820.753284279793
1029.97552230226,812.089766180865
1132.21862070159,807.744654994225
1150.92770217625,805.568780428302
1144.65683151336,803.390700578476
623.027512362954,788.082866372195
447.231558075994,781.489855578295
811.755385604539,766.031476335772
921.891020086148,763.814689592136
720.232433310563,968.295807121844
612.14793109445,923.946878181384
987.897729486009,911.644577132588
736.532237752946,888.86335609631
850.584672192057,880.507173435759
792.588677382782,876.314790004137
790.934348841883,867.901600103956
845.33645993082,846.704415855472
777.711044287056,833.874948656337
612.657552601359,827.429359796888
590.936817617459,825.276292233294
672.24691771333,818.803547337182
739.489512087929,816.641468962992
1071.96386498865,805.797589950501
1090.6729464633,803.622154500699
999.372220219764,797.082627757727
651.693533905739,788.33262093714
485.712998728874,783.944589839955
386.97680236305,779.547935619665
475.11665054698,770.728947258651
646.811656750384,766.306709247541
1059.98326333866,958.338938202486
1117.93041725472,956.339711835276
1163.03008265361,952.333780136064
972.327157235626,944.292058314966
883.406379979897,942.275419979048
450.697838085215,930.123624369502
795.610401797707,915.834487874195
648.028961806129,888.980729063455
803.815888393927,878.543960566181
742.511236502854,857.492413018515
683.163143805081,851.131153456893
864.064112596175,840.482616474563
863.588352905725,838.345985229226
791.19701620187,834.065837016813
922.951982791186,808.194238696031
1043.90416266517,801.675914896842
1006.49247995385,797.319312087614
516.00397285188,784.19693743773
378.987464752702,779.80544256069
340.208018564919,777.606464368173
335.468456302575,773.20207599455
862.665704229526,960.346043380836
1034.36071043293,956.356099595849
1137.40752974788,950.352474668557
1083.72111242908,946.337607893602
613.344434534774,917.956245575107
692.732825534607,915.91054351047
887.482413904292,909.758768181242
731.766316692855,897.389486083145
755.521250606689,880.761837911968
724.124380158574,844.923041662349
812.343247094274,834.253809483839
583.308114043628,825.67711403543
549.603610371762,817.064039572283
957.897464044056,804.076933121633
344.778159927065,769.056938309284
679.109293187739,760.215799797612
647.365336916257,962.341182921046
757.500971397866,960.352970643337
1126.76436118876,950.374443409411
1083.24535273863,944.357419931632
857.308067383722,938.318031849942
762.632252700222,936.299942669724
509.629381069696,930.230827910789
455.740337537477,928.202848632245
539.280834700144,918.026009377826
624.26701749133,891.2801839283
663.665141358641,882.968361412198
712.485884427031,880.884403272179
723.648620468124,842.96769194009
814.203855685202,838.70788830133
640.768427240881,825.873211417102
926.505123825459,791.249112040922
489.905660255705,780.312758534839
788.769167978898,756.063091734889
1115.59404897334,950.392983678546
533.391325384495,928.254372183238
636.630619159123,914.010446469861
877.064094856776,897.584728890546
648.028961806129,889.313550328001
687.427085673439,881.003774901279
802.831618001048,874.746251146345
741.829196762376,860.062006238009
742.036032077672,857.954788707788
740.174868221477,851.61902465486
747.410564782922,841.012638918476
861.251984624349,832.485751042908
728.605892207549,826.066408687202
541.831665537952,817.47529740366
623.141765633823,811.008146591407
847.027774365629,804.5207339444
1041.5677943838,795.839576783663
697.264196509731,782.75152884004
513.667604570503,778.371340608506
426.011498467473,762.972656400899
503.932225660446,760.764284621034
812.531112293696,754.126461569341
712.861773379743,958.371805193239
1088.78503902407,938.387751481999
490.095961952525,922.221706111053
502.5341727643,918.155507916937
678.36511130781,912.037777501134
860.86251411776,893.552579138877
664.14090104909,885.27380111004
663.665141358641,883.198074320142
777.982320890516,876.95647252385
843.214012261237,870.693315065174
785.218017451962,866.505951440455
748.120624319161,847.545669498961
903.462236463485,832.667670045373
648.328790816663,819.825071487026
732.118852157108,806.900464994581
1077.0314158696,791.719571836425
919.236468253875,785.18021157991
832.843539755302,782.996029881023
374.866580169885,765.444281949921
744.129969960775,754.404639218382
1236.34197845829,940.42410406716
971.625246915598,932.382807338202
570.057517069353,922.275453519037
538.916705020916,920.246574358969
1001.32383374572,901.876105214861
909.68325718615,891.584790931049
834.038760520352,864.544907584208
832.591267294749,854.03754830754
851.809987958667,851.928989957114
795.406193510792,839.228385904137
951.807219841426,828.580532116729
819.161127424626,822.164140159564
654.10763573893,815.727144997681
713.6970008509,807.112664373737
937.583009582707,800.62811521261
1011.17084972689,798.462114219889
423.687323238276,763.50604441572
516.56673368455,759.097463132554
688.261739887954,754.680354151984
1103.10563066053,932.418179440185
635.589586562633,912.171773905226
1071.90741911279,897.853016717052
755.521250606689,881.342617721229
755.045490916239,879.267935389199
869.362670448115,873.029459813862
935.946459707334,868.858487971068
934.594361818835,866.769416583301
875.150873783957,852.079344556667
815.293715118488,841.5156286528
880.525406489208,835.149327735633
929.346149557599,833.022575148816
994.366826330634,826.628423797644
921.975489626778,822.354124435305
739.709140374262,815.925472099529
823.499201714707,803.006718020202
900.754225072082,800.845685033696
1137.27095337876,785.655872568349
1010.61681781147,781.295970967349
830.379038216017,776.927280532111
569.722688355652,770.357863828259
945.645953999982,748.319711538619
718.37906270728,954.401586379976
938.40194018896,950.432854702112
1272.73307344963,942.465442302693
1317.83273884853,938.466786754308
1264.14632152972,934.458183317771
720.181803491239,908.160898604242
912.191525793499,885.585346908001
802.831618001048,875.226648388354
844.566110149735,873.147682479652
893.386853218125,871.066315943871
958.618544588846,864.807848592916
899.175056553968,850.121427757379
837.9658,837.441036991826
1018.39100910064,824.676658450829
945.999672396789,820.403368487628
1138.3226731447,792.404806705289
1179.99773738543,790.235307054812
1192.43594819721,785.889634889024
759.727406302528,772.799625978823
754.845529147173,750.808995487156
969.670136769992,746.385194549993
826.914207818853,950.434254188096
1135.5130944521,944.471503572269
1306.31323209135,938.486315919887
689.178251972293,918.37424318056
616.586607203411,910.260187162526
658.261671444145,908.225520562222
792.417545746921,904.148821807397
949.060960104128,900.062319866684
892.034755329627,869.103423453443
958.618544588846,864.934562325451
957.266446700348,862.846544368363
899.270451891073,858.663352155533
878.190567370961,854.470643443071
897.82295866547,848.16380489921
895.961794809275,841.835731918118
862.173058758272,839.721674692998
837.9658,837.605274701398
860.637884881512,833.365463587372
903.19749137072,831.242061166226
884.392818795346,816.313387328413
1178.64563949694,788.291895546516
1191.08385030871,783.947197769698
758.375308414029,770.860073029647
532.438023059123,764.286953831658
478.75160574032,759.894030948422
523.851271139211,755.492487205539
912.84258354219,946.465609403872
1282.10597333308,936.50541734662
1292.27338220176,934.505909923048
1178.63021470491,928.492479741318
1012.64967952805,924.471121362688
768.210286988649,902.177052196897
1042.34826635817,893.99642218167
1073.40639581633,889.891457267948
1051.68566083243,887.835322383854
1008.6437626863,885.776756520183
779.608629635655,877.518244979935
753.986076729929,875.447570963561
753.51031703948,873.374485034362
873.202029276606,850.412351461363
892.834420571115,844.100006353974
895.053729953224,841.991173553431
813.758541241728,835.650579399524
812.40644335323,833.532363450007
796.110039385205,812.222503015451
673.411333367478,805.784685579669
676.445483947776,803.63418977021
978.607442195155,792.847758668623
1154.43838073866,786.348921320483
1081.84673596978,777.652621939015
645.247272400029,766.73261758527
454.544346982048,757.957342975114
557.591166296999,751.353218504516
635.511893489972,749.14755695511
1248.31723728208,934.524671688329
978.860943477043,922.493602510751
703.947349198087,916.444616875502
631.182257163018,914.423345941884
813.809941937479,898.164540208055
916.918953747596,881.749074591263
785.218017451962,867.258184468983
875.063193132801,856.835420139072
841.274457081798,854.743700042246
804.177063948997,835.811562803876
779.969805190725,833.696214339948
802.641890072237,829.458500517439
933.420363497146,816.689537466043
1078.97458044693,786.574405815252
975.292907883711,773.532961248557
435.662582062065,758.217759082469
420.755610931045,756.021169506829
695.4974364494,745.005956662171
800.186409590611,742.796502228357
1020.20928707229,738.37122916082
635.731776107286,946.463417541602
1235.18545224853,930.545655255629
1121.54228475169,924.535458428829
860.885934891323,918.502948468415
767.041083794439,916.487162155823
893.619759845375,879.782629149837
722.520699682431,873.588368227143
720.184331401054,867.372364842202
837.9658,838.079593539604
756.670611288504,831.742186366732
995.107352386111,786.797092063051
1116.0595322601,780.294567701514
397.456417028824,754.085516491468
500.503236343775,747.484261708776
578.423963536748,745.279549562678
672.198242547179,743.072700267375
996.91009317007,736.439388983743
962.662936112286,938.530367534326
1227.23735276196,930.563673154747
1237.40476163064,928.565782410573
556.213329110686,908.450558397695
724.74000906454,871.623818118892
796.895378659465,848.732204764545
818.333408705491,844.539039353045
818.747079336083,840.336392685029
837.9658,838.23152360485
816.885915479888,834.014713833128
914.676847258411,819.182060500181
649.600842254522,795.644486664446
923.73882162404,787.016961233371
997.32666176822,784.854444614224
1080.86715893089,774.008306454394
773.975243768142,765.291446440224
399.675726410933,752.150389868085
409.843135279609,749.952612859773
889.242159552107,736.720869761068
1211.52381689567,930.578299562449
1142.98031479771,920.579158696927
976.999779620849,916.562144712486
882.323964937349,914.549925246188
702.086185341892,910.518070870335
1016.03576092523,879.965680422682
718.336176822731,867.591046700707
898.761385923376,855.129544438791
816.114099323382,846.773971920383
837.552129369408,842.581900041096
837.758964684704,840.482305770266
843.340332705251,821.479915577886
760.460139478007,804.430365364952
786.31412793075,789.391487191875
863.569151288124,787.233994899883
942.957542287957,785.074247163384
793.193964432059,763.353853188937
609.597372492831,758.983231585629
599.861993582774,741.4137380303
982.088492091499,934.565738879634
1153.7834982949,930.589536705801
538.227202378578,900.451865189879
659.179382252567,894.357707610004
1034.92918064413,882.103242980785
973.2006980944,875.943074996257
783.563688911063,859.409325150317
898.968221238672,853.169420985462
837.9658,838.52604394966
838.172635315296,836.424631990283
800.987561531338,821.648783052556
843.547168020546,819.52857266452
934.102403237624,815.281162748006
957.864347552422,813.153971877965
931.766034956247,808.892640313541
637.968268775576,796.053373011795
719.278368871447,789.60287942204
1046.40367137788,767.954665787138
793.400799747355,761.416765375525
798.532081049712,735.068757991588
908.66771553132,732.859102928145
1018.55495853139,730.647323188379
982.295327406795,932.583699637015
1153.9903336102,928.608588472308
1211.93748752626,926.61730393612
977.41345025144,912.608838122377
788.892784471057,908.58413650024
812.362448711876,888.312797317636
956.860066443849,884.229086501559
1038.17016653972,878.085209978776
1016.44943155582,876.032379053294
718.274087762873,861.594645361303
875.150873783957,853.29141641497
839.826963856195,844.949833396958
818.747079336083,840.764728752929
838.379470630592,834.46926247106
778.522311965122,823.929582201618
843.754003335842,817.577607581112
934.30923855292,813.331290901952
958.071182867718,811.204645316234
641.20925467117,791.961019437101
669.233233549031,789.811388132458
1077.52708722132,776.866044791649
1119.20215146206,774.700608172772
694.049943223797,735.345279649692
676.802197447821,936.544224159983
1173.20905427412,926.627839702551
1231.15620819018,924.637104466826
1085.55294817109,912.640596054413
678.60493823178,890.415977702279
752.19277837596,888.380803153352
908.836192733168,884.303108003851
810.359904821096,865.832776939249
763.591121022966,863.768380532097
820.413117510551,817.746137209784
977.289903531635,809.255716935238
951.19159093546,804.996570136049
805.946519225258,783.562904859681
962.589933582466,779.248848319173
1138.42087212598,772.760869441917
1150.85908293775,768.424346621047
906.671206823452,759.724599134258
812.826355726568,757.544130247151
713.268663887714,733.414854792125
679.02150682993,934.560942685301
1175.42836365622,924.647299042466
1278.47518297118,918.669302870664
904.175665613967,906.646407749968
566.142938402784,896.559396000912
578.581149214559,892.50735599971
680.824247613888,888.445492265362
754.412087758069,886.41088206832
833.800478757902,884.37382273618
1037.88746160185,872.100172383639
994.845563455722,870.046039021601
812.579214203205,863.869079376055
896.588903829983,849.371623432498
859.610665361322,832.659318656273
906.642116519439,800.916662284418
782.311840154625,796.644763214575
690.671263595057,785.924873610885
1159.34926298274,768.655008280861
995.283444704134,759.966270391757
815.045665108677,755.608595006703
631.449073169449,751.242105645544
554.389315248312,749.055569311347
455.653118882488,744.675940865784
485.845813150359,738.090192546181
820.176946411034,729.278996323715
930.312580892642,727.070843229122
655.722312927709,932.577867590749
875.745190409389,928.620966408159
1152.129169754,922.66697514823
1210.07632367006,920.677345245639
1141.53282157211,910.692006404437
880.876471711746,904.671103571951
542.843744500563,894.586909400678
810.501284855681,882.404736070216
1036.30900268353,872.185631406065
742.511236502854,859.842424210289
873.289709927763,847.412215643341
836.311471459101,830.704453704486
799.333232990439,813.845038973964
841.892839479647,811.727046836746
932.448074696725,807.484063817833
636.313940234677,788.276014967952
784.866634705146,779.679482367332
941.510049062354,775.367598075076
1044.74934283698,760.205183508786
608.149879267228,749.308159768049
417.446953849247,740.551015848601
1016.90062999049,722.9328444269
521.493219261335,888.564911293088
623.736317660665,884.505320220278
921.210166536651,876.356749920749
879.821560614795,864.060711697334
815.746039962925,862.002867111328
755.491284249981,859.942599884374
683.099947546125,855.814809046509
765.544496939436,811.895087161392
856.924846497035,807.657899013477
922.42128296052,803.411387513523
624.245939167574,788.475672214178
1102.26133302952,764.779076197762
437.344635117047,743.001618875086
393.82562666692,736.425536950578
763.08901645781,725.422121065253
817.749195600114,924.657676131875
917.55629158597,902.729552215292
822.880476902471,900.721243584957
478.576879028404,888.61963824669
497.285960503063,886.594095604189
829.760313403781,876.429610954757
956.59227289035,866.204049109083
731.284025491709,857.97983302384
684.515241693579,855.917722790244
772.734108629279,845.570979591325
815.293715118488,843.494413926954
758.889920670613,830.984771985639
778.315476649826,826.795831194366
701.016651443129,790.81010172642
643.080578555426,788.672376903343
726.870639895871,775.797958185684
639.074661713682,747.624652882339
849.017392181146,721.287990010731
596.374220229936,926.6299693487
706.261463230008,924.654416802246
1014.86034986326,918.712867804525
1082.18472887434,904.762517996329
916.204193697472,900.754444184794
477.224781139906,886.648529992281
945.902780527593,870.380201662236
729.931927603211,856.017391473076
657.064831208906,849.825554186302
680.826775523704,847.756782876089
837.9658,839.457650809166
778.617707302227,833.208141700454
757.537822782115,829.029871048837
777.170214076624,822.744637673576
796.388934740541,820.644820271251
870.763613717575,795.263755679418
823.994829919445,793.1335179621
641.728480666928,786.728956807783
658.275947632775,776.008797690894
725.518542007373,773.857923760433
882.161956364581,769.549371668559
945.110253622837,918.715374569222
665.314782188526,892.750705048449
592.549690153457,890.736144940416
538.660646621238,888.719124342445
878.286386738035,858.169914877271
739.985140292666,808.161065289745
787.764256976511,789.056869360271
906.186139134592,767.610960977306
1040.34201343737,763.294494864397
1094.45528848988,756.802923730578
1009.42543290922,752.46402013518
850.267412375577,748.116212628992
485.169863236435,726.245098050785
662.958009489155,922.665898676705
1159.36486631545,912.768910848132
1252.24427676172,908.792777529272
982.787982956691,896.80504421954
794.267317176308,892.789390115382
707.874388677734,890.777867868298
581.220253110446,886.747441161525
550.079441062009,884.728540151309
738.348590417293,874.597232837888
817.736981417126,872.563624850364
1040.51054866467,864.404776135707
1043.54469924497,862.358971306178
978.782066114946,858.260067421656
749.746933064299,850.033154928282
878.990232612449,831.381535413828
845.201496561445,829.297146754095
939.683771258171,797.747048319155
937.347402976794,791.373712921359
890.578619178663,789.244628684472
665.270371780023,780.705211014618
643.549636796122,778.564608480533
948.7457456238,765.673059768146
1105.87408293065,752.700080390145
615.385575828674,739.646742533208
478.369067729495,735.277965965514
434.850059279369,728.708388660668
469.782315809584,726.5141748578
527.729469725644,724.31779297048
605.650196918616,722.119248619006
1208.18560938384,910.790069902706
1197.58926120195,898.835410352382
1120.52950328081,896.834322887248
772.945123226964,846.010139374691
837.9658,839.809114560535
952.018234439111,831.507432247982
831.365489850265,804.263764577551
855.389672620275,802.151572349153
986.168146045184,789.429378578876
879.14460653411,785.170063789905
695.404530444811,774.481449614295
723.428509322672,772.336849098896
840.923074334982,768.040806886548
918.178097692357,765.889374524089
997.56648869219,763.735674290582
1192.10650871036,755.098290967446
1028.04069043175,746.425012388043
664.206318897064,737.716163167515
852.934192138649,715.790648048025
1072.95706962033,711.37960229287
863.400487706304,916.729546109265
1171.99937433955,910.794728291288
1162.2639954295,894.859764944856
634.363805616202,878.767049800028
908.292216634204,868.629345058448
985.547239991579,866.594468018497
1069.33730133202,854.334034706869
879.700292148687,837.851019632503
995.104824476296,831.630137754838
993.752726587798,829.551715745402
912.457537876302,823.302109752795
934.102403237624,817.031062911435
898.659338645722,806.531924788985
1054.00095079005,791.734378802447
1053.5251910996,789.611106035577
981.133854395741,785.357598039191
882.657566483669,766.10278441212
1112.88882098506,759.643425525426
515.23788562777,727.044332024535
894.668684287336,713.866236007752
1004.80431876894,711.662334465177
1114.69156176902,709.456290316881
777.275189021031,916.721763310613
908.584496708183,886.870929469363
749.426476174541,882.848909469607
676.83483140566,874.775402744952
718.509895646393,872.750897149995
932.054160949002,866.662700738685
864.064112596175,844.151748560923
837.9658,840.027346511128
861.727744314798,837.961529051574
880.565522345725,779.153215464414
757.866816327998,772.743561556801
983.674534155842,762.015012946704
1063.06292515568,759.862475507239
1136.65076529986,757.707673089356
1257.60294517384,751.229723947703
1166.3022189303,744.731564641172
1093.53712689523,742.561043624703
538.999829942568,725.11719369906
1028.56626308374,709.73911945846
886.686672330652,912.768751003435
1273.20628615688,904.855247907783
1361.34613434081,896.902225043057
1322.56668815302,894.907801201291
908.108737017734,884.898729623094
695.061672951872,878.86377252641
663.920860903435,876.847210002563
1008.83342461593,862.662706466078
1076.07601899053,860.626576441041
1126.32798962824,858.588009449558
1135.6653841025,852.457708850425
994.366826330634,829.79352006689
957.595423177268,811.034120221668
1053.5251910996,789.965444103356
1076.81137572395,785.723607915121
880.089762655276,777.212089152432
757.391056637548,770.804217236168
1136.17500560941,755.772459868941
1250.85631482051,747.133037561814
912.823587609328,736.283360892995
652.167237748963,729.746918086404
1305.53088716721,900.893590857278
1296.9441352473,892.933006970615
796.093255613435,880.918245575526
692.411583050218,868.815074189571
905.955848352827,862.730442977293
983.210871710202,860.697349222675
1100.70543672251,856.623848803944
872.115711606073,798.581915338055
870.763613717575,796.474461513165
986.168146045184,790.138031218975
762.826633189982,764.583190554829
1110.55245270368,753.837792069029
1212.79555110301,749.523765858885
1231.50463257767,747.363371703103
626.544684843238,727.819281731867
1024.23806609426,884.963977840308
676.559379780236,876.936818490398
645.642799252088,866.84768228426
936.442087912071,858.732351559059
1053.93665292438,854.660053258841
1020.23214925252,846.486274131367
765.098703605694,834.152927023403
788.860647920493,832.088922133768
921.975489626778,825.882480832684
886.651579699016,817.573671723963
884.790415842821,811.317006002944
884.997251158117,809.226694689643
885.204086473413,807.134010869725
823.994829919445,794.528279302717
890.578619178663,790.307548920053
939.399362247054,788.193671769336
1004.42003902009,781.838039032818
871.773946603289,775.461488227398
716.057849391852,762.646081158173
1063.78366890555,751.903675890345
1166.02676730488,747.590841177054
1184.73584877954,745.431041421937
745.756436221972,730.249761472327
466.132733548263,719.339488725655
845.563532207829,706.175052476707
1065.58640968951,701.769615990694
775.462644600934,878.984108055473
543.71297929841,866.902773221619
902.04132065187,842.476371980712
777.711044287056,838.371303018676
705.3197075832,834.256568392902
803.097630083851,813.538660179187
805.31693946596,811.453716630798
763.7400742065,792.582568137783
787.764256976511,790.473986761268
944.641042997595,782.016258201426
918.54273040142,777.773406323069
747.443670238476,771.391734018095
655.803093678908,760.709506546562
1003.52891319261,749.970117529566
1033.18036682305,737.008204491014
785.308776494884,704.253901039381
895.444410976493,702.05283478286
904.789666884802,900.903551953367
711.387123949064,877.01325473936
624.994195450491,875.006421990798
460.928377171881,866.95458230839
479.63745864654,864.935502564448
521.312522887274,862.913978042289
812.111811547258,854.803466685406
879.354405921856,852.769744679394
773.89027934813,838.465662439629
755.085606772756,824.043094054933
762.321303334202,813.669208098473
739.022109431981,811.587263032177
760.666974793303,805.327147659562
699.664553554631,790.63733483079
807.69842595142,773.708182752265
683.368149586606,769.452645219308
865.865552396556,750.188940524994
1041.69649094007,743.726699756199
809.946825637542,730.741462999838
716.101974540658,728.569438040144
532.50538260143,724.218731336144
386.90212258234,711.113729490207
941.256133324695,697.930301491553
522.141743374209,904.841473843842
1076.49575411656,892.988405786887
1111.42801064678,891.004277716331
1007.95225201861,883.043171427417
841.971716841745,879.047874353944
747.295902158245,877.04654338864
653.451051061361,875.042758989639
676.92071530218,854.870273865147
871.670303671865,848.770935753221
837.9658,840.604462676896
715.954206460428,836.506683523454
655.699450747483,834.454166260581
582.832354353178,828.282132777399
739.709140374262,820.019059890234
763.733323144272,817.947292661414
681.086036544278,809.636313499687
702.7309019056,803.378058085141
701.076573364701,795.000519868002
796.531136861847,773.892062758838
728.54108850902,750.404841918054
1002.46949952702,739.63750727126
996.198628864138,737.477268155172
911.168773283482,733.150055859485
752.010752749839,728.813897349494
474.569309713727,722.292972429918
298.773355426767,715.752144920737
464.83393080367,704.806920998305
699.122722709764,898.922540718435
975.506702054379,892.994046241469
1033.45385597044,891.012961203353
704.254004012121,875.075816815889
610.409152915237,873.072629197352
451.251132381595,869.058902818784
828.628405525741,846.808679169005
794.923901853876,838.644663560877
654.10763573893,820.134201239177
696.667242228138,818.065452356831
719.33932710965,813.920768111736
695.132068351378,811.844838453038
659.48216844418,803.517272050432
658.034675218577,793.054391168819
598.686582520804,786.748329043258
490.749601993211,754.903054804497
541.001572630923,752.761573163591
685.499190362896,748.471762324076
838.475421506909,744.172851262519
953.156730718014,735.547875210791
922.015918669577,733.386001497404
708.968854603715,726.886946003297
615.124003506831,724.716132424841
567.266353244255,898.915798396326
953.785967070479,891.018376221161
943.189618888585,879.098522220223
588.688417931337,871.102873762333
344.500541817038,863.068037412942
398.613816869547,857.016242083417
837.9658,840.770903316487
544.168033819329,828.485001435255
583.566157686639,820.246139705151
637.76143346028,801.568493048199
684.999719933693,767.890367748275
459.691472535052,759.377509072714
586.523432021621,748.684680004705
773.641048118388,727.128587020009
332.746918662566,716.266491715616
322.150570480673,703.159163494086
570.300503824554,896.938173035205
878.899390457805,891.020531998591
1049.69952809705,885.080783849719
869.164011547747,875.132117813818
341.263821734453,859.086867388814
359.972903209112,857.070210996012
401.647967449845,855.051114653315
615.192232752454,848.97920144996
809.941821122139,842.885387119366
819.279215596398,836.769720881788
654.225723910702,830.632256771358
677.980657824536,814.159580514234
676.445483947776,807.942729621494
640.795584040579,799.620190023233
581.352096005701,784.964431273742
579.999998117202,782.861316452244
604.024180887213,780.755853196788
695.404530444811,776.537895723795
760.900966908297,772.310588059787
563.703594149177,761.701610985865
444.039038711749,753.172819717814
903.329334265975,729.53026266314
237.044872877041,709.984148208956
403.105448253944,699.047997154844
601.568700405586,694.658292192074
1042.7912504447,885.08881190402
1087.89091584359,881.122792911212
643.216211630315,847.016325559001
804.261296328135,832.767788394869
621.994947075618,826.62494771143
730.028819472407,810.138070640962
704.469462825637,805.992376030901
649.600842254522,799.755941336492
668.819562918439,797.672370071364
632.048159765073,778.813746511533
765.163001471359,772.485207169812
762.826633189982,766.135662492935
716.057849391852,764.014497364627
655.803093678908,761.891013582215
694.836584837155,742.675989398811
968.764995855157,731.921088395246
629.592679283447,692.74123935814
538.689210340055,894.950517118443
916.241749515572,836.928890082617
780.280790110119,808.186923043516
659.628045521273,781.078192445956
815.414972109071,770.545539529729
541.001572630923,753.572126961394
981.605283781547,725.67699554036
927.716240249328,723.515370262258
674.713368618802,717.017069914564
491.116776679574,712.673731210142
315.320822392613,706.142114751045
481.381397769516,695.212139033459
575.155676779948,693.019598749916
1024.41793434798,885.095141851456
1151.6990635371,873.204189793966
1091.74231335905,871.213795898381
524.194048335945,857.212586037942
983.484343890171,834.969360310619
667.098175384073,818.608221852154
666.622415693623,816.552228480912
690.384360008421,814.493831274832
786.31412793075,793.778207783322
786.520963246045,791.69354031154
749.542724777384,774.93110742596
792.102331266592,772.825215926911
906.419510798468,766.493507920082
617.58156147978,745.236922112899
667.833532117492,743.098596909456
1025.87541515207,732.372760228706
994.958834623927,721.590313021829
377.823854504868,699.857933708298
967.110121777437,684.514580874546
793.0740710721,889.031451529736
1101.67295770535,883.120799187821
999.01088469782,826.894858923601
941.074811810117,824.851551543416
767.639383365796,812.541087357728
899.219051195322,800.144205497187
865.430315144319,798.069694809567
863.77598660342,789.747856534696
862.121658062521,781.388087485739
869.357354623966,770.885343461755
910.807437761537,758.204832194563
968.974564206673,734.741017364456
1042.56240435085,732.59421464571
999.448765946232,717.503302453938
558.55463649041,706.656870406151
498.597886312369,704.480925737572
719.653294511921,689.187781869654
1044.36514513481,682.600901718524
982.598096553541,885.088575272872
1308.3424778943,869.263047135911
1171.32596979513,865.282222972918
643.425779981831,849.261317230048
917.354190999833,839.16911035718
1143.16190882768,829.016226149801
1121.44117384378,826.978385903547
896.132926445136,818.802875274224
980.142616071915,804.403079523575
1002.81470095343,800.26728327794
944.818706144152,796.121937916764
962.589933582466,783.628828679537
882.161956364581,773.152863065479
997.56648869219,766.839081300389
990.19582876137,756.269407434996
865.865552396556,752.025276757349
743.166846378829,745.641753809959
1048.36295520651,732.812730330702
1242.90297522467,724.21450467495
1151.60224898113,717.74212632104
524.299859993399,698.204408032227
534.467268862076,696.02249116062
1013.86629313457,682.885112265846
1056.18593669772,883.113883400142
1160.87490983893,881.144837745716
1254.64918884936,879.173348482173
1435.61673535729,871.262959165484
754.425302837333,851.316116514579
723.284490788896,849.308026072492
1068.19705450139,835.183319061244
1195.02901398796,825.021488494925
1016.54538243214,787.940764948554
981.309153155531,775.408930200893
955.749796508761,771.21278318289
1071.15432883637,764.900962518889
1063.78366890555,754.33455873449
838.475421506909,745.839666213572
1310.21994470597,720.134881281885
1225.19008912531,715.819008815384
972.187217494788,709.328387450672
612.7946712686,698.466169794692
778.855246645503,687.548844149542
872.629525655934,685.358822263404
1393.13795020093,875.22691782372
1486.01736064721,871.272914128272
1028.04040106179,855.359318038628
1051.51006530261,835.248188267827
1128.76508865998,833.223719785711
1138.3226731447,798.438498636942
1136.9705752562,796.370703594477
1078.97458044693,792.227958348923
1055.67538654471,790.153013424671
1077.52708722132,781.829482629275
1017.66992855586,771.371848350171
1016.31783066736,769.273256148654
1040.34201343737,767.172316363366
1000.02142669933,748.158785429544
1025.87541515207,733.240895319998
1103.13043850945,731.10060068628
1182.51882950928,728.958026632404
1339.64716681613,716.054957360606
703.555399695066,690.007023175106
1527.69242488794,869.302046353396
1347.15690833864,859.37735921423
940.208898399329,837.328826897711
1013.79673854351,835.309838970212
1093.18512954334,833.28842677592
1297.27211238729,821.109125688726
1254.23021424116,819.070785749383
1132.21862070159,814.986873234358
1022.85871290914,804.734992930539
1099.56976016755,786.130794204515
1118.78848083147,784.051753068444
1118.99531614676,781.970340199392
1138.42087212598,777.80041075331
1238.89386369919,756.80948706042
1212.79555110301,752.583230403417
1166.02676730488,750.46661569308
983.760418052363,744.102870336781
922.031935502637,737.718353150893
950.055914380498,735.585583058224
1067.55047939281,731.313170504919
1224.19389375002,727.031622337606
1297.7817338942,724.887432916575
1418.73391376818,718.44125498906
1412.4630431053,716.288007104118
1327.43318752464,711.974755347572
979.754501210618,703.321356704333
753.817215855712,696.807923161043
715.037769667929,694.632350246144
881.098345044833,683.7214971448
1375.60136872335,873.255393189245
844.236670662884,843.417446858086
1043.90416266517,808.941111715234
1017.805850069,804.839254393325
1118.27884164221,784.186434638621
1137.91123293672,777.944180608392
1136.05006908052,771.680638117268
1102.26133302952,769.588073679024
1233.84100085905,756.983379244708
1257.60294517384,754.874409626632
1231.50463257767,750.64948365993
1431.17212457996,714.365559339074
1346.1422689993,710.053631314333
1186.98424846566,705.732723808198
1093.13939736878,703.568914299547
772.526297330371,694.891414867758
729.007288880244,688.360051492518
763.939545410459,686.178530328277
993.581705529923,679.620837781342
1208.40631315274,675.238153646646
1170.86724590883,875.219449277186
1505.1983791695,867.338087689249
1250.12095808709,825.322800743783
1144.65683151336,811.080349711977
1077.0314158696,798.778711435776
1168.4117654272,794.658998915079
1227.57013019616,755.048224138766
1118.21022240371,744.483456245647
1236.63210456179,723.180739761446
1310.21994470597,721.037882611936
727.475980479704,690.801360453641
1312.02268548993,671.134341715516
919.703556378709,877.171872965335
1029.59079937878,875.210636633705
1416.110413205,867.341380552012
1504.25026138893,859.433224384359
1465.47081520115,857.450107969023
1405.51406502311,855.464561130912
1328.45430710197,853.476584245743
860.938263004072,833.463291067896
1094.71134688955,794.772145823853
1137.27095337876,792.711754423762
1078.64784954878,782.374034085188
1100.4995502254,774.061092080409
1040.64239155993,763.616743021372
903.329334265975,731.932971421683
1339.64716681613,716.969632348291
1149.57256575434,701.895181251382
961.051899973956,697.567997580641
872.131122718228,695.401062460922
681.428197300246,686.711144620195
691.595606168923,684.533145119654
956.170022818602,675.799216243322
1280.88187344149,669.225885348099
1274.56526356975,851.510608159571
1185.64448631403,849.520818065449
1090.96867163053,847.528601054418
837.9658,841.537394082848
784.076756467781,839.535475285344
807.049219471852,831.503572241321
867.617253630448,829.489544197494
1097.84850813184,823.432951821563
926.980883515909,801.039785401778
950.267068140257,796.937068385365
1040.82230335733,792.824779550579
1083.38190984654,790.765051061412
1044.74934283698,765.862870952632
1009.42543290922,757.486550858253
1051.98503939843,755.386606530345
1166.3022189303,749.072750486028
1151.60224898113,719.3324663807
637.706562636704,682.620790099834
672.638819166918,680.441261381355
902.936663811492,871.265915168758
1377.59612582165,855.4980862253
765.200707964931,839.575017239783
868.440001739559,825.515160554205
1034.64100058148,786.757447963046
951.99371398149,778.487847570073
776.675198698687,728.079231101659
922.193742588858,721.684144628621
1267.10630630135,706.682504201049
608.460479051761,687.232523562104
569.681032863979,685.060281576267
564.941470601635,680.709174718152
1026.48646578038,845.591577790061
931.810651096884,843.600601923388
782.047073240986,823.557739510006
938.690487598193,819.520168006859
1087.24318206866,811.416094538481
767.822862982266,797.141385736947
832.843539755302,790.987700322497
948.248072082911,784.812518369556
887.452486159535,768.240732996066
908.890516205561,764.074113697946
851.802586252337,759.89806834
1007.14419839666,745.208021867479
708.968854603715,730.403879403891
690.282270200113,726.153334206345
743.12295875274,670.072446894501
832.834518697643,865.361837176146
1158.57890003841,849.584253028188
499.933072788817,831.649309257905
554.046347841326,825.62747258247
688.202222144102,821.600842354071
928.635697841755,805.397928467607
853.051123097529,780.805666784914
887.201034703602,739.059801679889
596.43741910323,724.228094602791
1074.43031589412,707.139881250574
1055.72771465746,700.694326957253
929.073579090167,696.386026010353
654.159984811211,689.906765573383
428.222699456304,683.407443303131
389.443253268522,681.236566064042
842.847677155354,861.428666303729
1003.94633517687,845.636573294434
837.9658,841.664367169388
743.2899853165,839.674637453382
417.695468917093,825.678872176962
877.001781304379,805.479916147014
578.826437511433,791.19768708143
644.322873974919,787.095514157601
735.703223532517,782.983797032979
677.080119702534,772.662858947456
697.070656522957,758.114056250729
563.490086969456,728.671739290454
501.76160441973,722.303518626358
647.280148309901,715.914632250066
979.754501210618,705.220847752127
907.162856441737,696.625035821815
748.004835908094,692.313628283127
333.546884772804,681.496014554005
294.767438585022,679.325826505446
279.860467454001,677.153427641527
460.828013961925,668.441820538374
753.926899899626,859.459736501866
925.62190610303,855.527422745041
983.56906001909,853.557642954908
1018.5013165493,851.585447586207
1013.76175428696,847.633809592744
654.369208060772,837.712439711369
316.336480849589,827.730699798332
778.743609574392,809.611660433463
809.801739032551,805.558736356806
788.081004048651,803.52867164096
623.027512362954,797.424083561677
516.00397285188,793.342378447711
588.159342446805,770.722369255122
609.804207808127,764.503391897469
572.825969339465,747.815714912474
664.206318897064,743.620339021438
705.940811045751,741.519148910071
596.5809032533,730.978304439415
532.50538260143,728.863179988802
431.527411567603,724.626003061369
635.614394411547,711.859309461912
470.563392871983,686.080502922172
304.582857695118,681.752612718222
201.10709906695,673.070222244398
236.039355597164,670.894108423645
465.681515716628,664.352605581917
462.04253435567,861.41279706892
941.441558628168,849.619456328526
760.906042078863,839.725321518873
397.071670544178,831.766581487781
270.41753497689,827.772739526216
610.043275093687,797.51198869992
569.722688355652,779.096609497586
552.170005866203,758.409137965602
652.167237748963,735.380959066892
579.775901045107,731.16368943328
519.521145332163,729.051577429356
397.509551792591,724.820416012114
354.467653646467,722.701373548543
363.805048120725,716.330441973969
414.057018758437,714.202208933709
772.098901793019,703.526795718845
826.212176845528,697.094291733246
393.503634950846,684.168480257372
158.979597676028,668.986972522462
512.221418659237,857.484802530325
616.910391800448,855.52346084111
210.460784798848,825.814151993002
233.43324780292,817.800113461473
367.589122105696,813.778655971948
591.475130837502,807.728440246102
608.022597803349,797.596737648498
425.756248550832,791.488964700734
378.987464752702,789.448257029518
418.385588620012,781.261552875486
509.765938177611,777.153901590468
532.438023059123,773.036737906079
474.442028249848,768.91007833062
472.787699708949,760.628342310771
519.819150867066,729.23692513356
337.552801614549,722.895758714515
651.574117456382,703.748111022778
244.626107517076,680.09577476456
68.8301532301153,673.598148782727
653.376858240341,653.986338256533
473.441972471455,855.516877738944
578.130945612665,853.556133227583
671.905224623097,851.592982909319
842.705362262344,845.689092669903
852.87277113102,843.71631500943
739.229603634176,837.783536281067
225.570382143285,825.852972734126
552.69568464972,805.776252205725
602.947655287431,803.755369366975
447.231558075994,791.579750980245
340.208018564919,787.502072792772
314.109705968744,783.414844913098
337.871650283542,781.367653950293
379.606142432229,779.318080620681
414.582697541953,762.835958971406
433.801418205871,760.765033143179
434.215088836462,756.6160992926
455.653118882488,752.457738879023
374.357930170993,746.202568447734
373.005832282494,744.112821102804
397.030015052505,742.020733137116
255.731457280643,718.854146849157
237.044872877041,714.611977673584
265.068851754902,712.487448350372
382.563416767212,708.231518480623
673.362705427195,699.692279398931
715.037769667929,697.551788206
642.446124899048,688.967218324539
483.288104365405,684.661428576858
294.767438585022,680.346681235446
563.223974481645,851.58935793951
724.322632503155,835.821649025377
369.821431545907,827.880080182177
125.633555431608,819.900038011924
313.902704786893,809.870918697079
325.301047433899,785.556483122336
478.75160574032,769.15587643774
454.544346982048,767.095109259566
397.456417028824,762.966469164735
418.89444707485,758.82836927883
440.746147751468,750.523864136387
383.658217798244,746.357498237092
382.123043921484,740.090366684595
473.503393479083,735.900589604662
405.877977835319,723.275410231253
222.13790174602,712.690814839025
524.299859993399,702.048848218361
700.130798536909,695.636322219287
190.939690198273,676.276906807601
113.879932277136,674.114670807246
53.9231820990948,671.950212955842
15.1437359113123,669.783537798739
45.336430179183,663.270254682871
379.667563439858,654.555119209531
489.803197921466,652.370875084867
248.679532727431,855.494594731726
837.9658,841.760947179751
848.133208868676,839.789395290079
379.988840414583,825.921273790132
250.482273511389,809.927890038177
324.070113655569,807.917917736815
598.208093025087,799.854058960193
626.232071902948,797.832106327511
333.132088021198,777.481159591345
466.246929727484,771.329410573838
429.475526574118,752.74619461495
294.033793164423,717.125881465655
608.055109006256,697.99744336078
729.007288880244,691.580261540398
637.706562636704,685.142736173418
478.548542103061,680.839805251671
290.027876322678,676.52791589312
10.4041736489683,665.709229149588
499.970606790143,650.470452551064
872.898056530215,839.797728670063
868.158494267871,835.853453671419
603.441762725182,827.936113307386
170.733220830499,815.988120338509
183.171431642274,811.986266257438
438.390761185617,803.953794204836
515.645784542992,801.939687453435
633.140349555302,797.904292956554
541.499772995734,787.773963071461
499.644012380939,763.218114750113
442.556082427715,759.092255677274
464.200947789037,752.885754704006
485.845813150359,746.658052877931
404.550624438863,740.409215325396
518.603058877974,732.044675570233
295.261546022772,706.728215738123
345.513516660484,704.603540476666
569.39952539229,698.215807251253
599.873727131849,681.08199978327
513.480798633276,678.930133203076
226.303976687107,655.112749718586
320.078255697538,652.934300795117
424.767228838749,650.753666885346
534.902863320357,648.57085286311
341.558943173705,851.560317042059
561.581820655385,847.65078957081
666.270793796596,845.692437565818
926.10564818393,833.892048320282
241.118585558334,810.032487815488
496.337915101677,802.002639790905
599.446926911794,785.828162646886
475.11665054698,781.760675594641
581.798425055271,763.339253601158
523.802430245996,759.219520614904
521.941266389801,753.022203107901
522.148101705097,750.951714279819
461.145680466425,736.392501493245
576.550212794034,730.117732306894
641.57088956707,723.822005411667
569.179552863214,719.613250168608
386.913203610697,713.282773240027
547.958288308517,698.431184097453
815.615828663635,685.612315653947
639.502547848358,845.685716328014
915.886527192973,839.805286513811
1008.76593763925,835.873045052972
905.290179011079,827.979851560332
319.039312751307,808.079311462659
718.756260026623,796.024139539687
800.066360122494,789.964297208352
594.487460877523,767.56140768683
600.06882889807,749.018330713973
540.418505547896,736.550299453334
719.491616760042,721.897903743615
421.792032657546,709.248234190661
403.105448253944,705.013243079854
481.381397769516,700.769079185162
705.267406501323,694.385695927524
893.536555856607,683.701269385121
862.39574380817,681.557600354152
649.348679742309,675.113097558393
191.371720156892,657.829528517538
226.303976687107,655.659114998461
284.251130603167,653.486501618034
670.77074442939,644.774143613044
513.253949377109,847.628393010291
1112.70762551836,831.942504321773
922.004700100374,824.042229789179
412.813591761738,806.126745573155
668.032921305081,798.102160825118
893.840639132925,788.017710922661
573.944560356079,771.758699263772
597.706504670877,769.715625808202
639.440996819564,767.670179898927
674.417551929288,751.221405330981
693.843107908501,747.085611147148
692.188779367602,738.785818920298
656.864869439839,730.448547119458
743.12295875274,673.205745643288
328.66500761745,662.423836862901
289.885561429668,660.260783270876
874.432266439893,640.694233769069
837.9658,841.757373016496
1103.75343116272,824.062527127972
590.09420967183,812.158547997738
619.745663302278,800.168598605448
704.731846093465,773.895862419578
792.950713029165,763.683969120958
776.88721568839,751.351591870004
804.113449070258,726.432800261907
852.934192138649,724.341038459188
894.668684287336,722.246950808778
785.308776494884,711.741724306788
629.592679283447,699.059317952672
747.087244295757,694.813504089797
1098.27067867113,682.021417892959
847.811931893951,671.299178782344
493.310730936702,662.681053590834
654.409388958213,645.338407371873
759.098362099424,643.160689674398
869.233996581032,640.980790451634
979.121239581104,638.798714508123
948.101434481608,839.794121450468
1052.79040762282,837.838165818452
1327.53223314117,828.022676360944
772.994936188508,812.193950628373
729.881297783887,798.218595447278
960.112552285275,792.193392114664
1077.60711729759,788.164677201457
1086.94451177184,782.10374972485
861.636264373203,773.989220846601
854.265604442383,763.79265419644
908.874550846616,741.152194032553
847.665294292648,728.682997442925
831.368890324623,707.714686832382
773.432817436921,705.60513254364
708.670184306896,701.379123450735
1087.45413327875,686.515984207563
1170.99463044142,675.831275363564
864.102715278675,667.24296120412
603.446365418311,660.778241831739
543.489615240269,658.618884605653
499.970606790143,652.127521204698
1256.45192963332,833.918406864615
1334.37265682629,831.95829729116
1246.71655072326,818.17091137985
718.81636090997,802.271003915721
913.356380928138,794.263875544052
1215.51833917552,784.201399792147
1196.83175477192,780.159759847984
1153.78985662579,778.135375219596
899.132170669419,767.977845029192
1053.99802312329,751.60265980563
1020.20928707229,749.545136523778
957.55253729272,726.757362845079
1138.45350608381,716.305840614847
941.256133324695,705.796364549116
899.867527402838,693.109013885421
1123.75353613464,686.734459054367
1257.90941043742,682.473382132761
1299.58447467815,680.339442389284
1154.2277378742,669.635881157773
1067.83480937563,667.48842355512
874.432266439893,641.545484431013
